Name|Email|Phone number
Shay U. Merritt|magnis.dis.parturient@ac.org|1-911-769-3105
Kennedy O. Harvey|gravida.molestie.arcu@purusaccumsaninterdum.com|1-481-151-7737
Allen Riley|egestas@vitae.org|1-125-546-3925
Jemima L. Patel|amet.ante.Vivamus@iaculislacus.com|1-557-353-3496
Gisela J. White|id.ante.Nunc@urna.net|1-361-243-9593
Phelan C. Woods|sit.amet.consectetuer@nullaat.net|1-188-870-3668
Jesse M. Gentry|scelerisque@sociosqu.org|1-609-994-7260
Damon Morrow|elit.pede@nibh.com|1-405-639-0208
Roth Swanson|enim.Suspendisse.aliquet@Suspendissenonleo.ca|1-844-540-4845
Connor M. Hill|orci.lobortis@eget.net|1-941-348-3926
Aquila U. Sykes|eu.erat.semper@FuscemollisDuis.net|1-330-541-6425
Cheryl Lawson|Donec.vitae@AeneanmassaInteger.net|1-451-939-5420
September R. Haynes|ultrices.posuere@tinciduntvehicula.co.uk|1-738-927-1810
Priscilla R. Estrada|erat.Vivamus.nisi@cursus.edu|1-859-506-1226
Deirdre Dotson|nulla@Nullam.org|1-683-475-1168
Blossom Mcfarland|id.risus.quis@nisisem.net|1-619-813-8322
Adria Harvey|nec@bibendumDonecfelis.net|1-687-636-4071
Damon Bradley|aliquam.adipiscing@senectusetnetus.edu|1-382-638-8369
Kane Stout|aliquet.metus.urna@morbitristique.com|1-255-271-3175
Desiree Bauer|tincidunt.vehicula.risus@odiosemper.co.uk|1-195-820-1890
Declan Short|Nullam@semper.net|1-136-251-9318
Aubrey E. Ward|metus.vitae@ante.co.uk|1-802-673-7330
Holmes Gutierrez|nisi.Aenean@elit.net|1-272-721-6846
Myles Steele|ultrices@laciniaorci.com|1-389-219-9854
Bethany D. Chan|sem.eget@Curabitursed.net|1-252-561-8099
Jamal T. Shelton|sapien.imperdiet@enimMauris.com|1-522-771-3764
Bert D. Chambers|aliquet@Integereu.co.uk|1-208-177-1883
Donovan Mcknight|odio.Etiam@tortornibh.com|1-628-337-4279
Castor L. Bass|non.hendrerit@sociisnatoquepenatibus.edu|1-930-659-7486
Rashad S. Owens|diam.lorem@quisurnaNunc.co.uk|1-140-664-5556
Thomas S. Bennett|Suspendisse.aliquet.molestie@tincidunt.net|1-313-923-1945
Mara Y. Preston|purus@atpretium.ca|1-178-575-7707
Marshall Stevens|turpis@mus.edu|1-146-511-1314
Giselle I. Shannon|mi.tempor@nibh.edu|1-647-433-9457
Charles M. Phelps|orci@Suspendissealiquetmolestie.edu|1-201-510-0902
Kaseem Curry|augue@orciPhasellus.ca|1-151-930-0857
Xavier N. Stafford|et.tristique@lorem.edu|1-327-551-7112
Stephen Gross|dictum.augue.malesuada@mollisPhaselluslibero.ca|1-231-526-0266
Tara W. Higgins|Quisque.nonummy.ipsum@fermentumvel.edu|1-227-388-1260
Vincent F. Cooke|tristique.pharetra@consequatdolor.co.uk|1-487-865-9657
Driscoll D. Larson|tempor.arcu.Vestibulum@sit.org|1-903-278-1670
Ishmael N. Gross|at.lacus@hendrerit.net|1-565-209-6845
Kyle Mercado|sagittis.placerat@faucibus.ca|1-525-553-9876
Mufutau U. Cobb|lobortis.quam@purusaccumsan.org|1-548-829-7106
Stephen J. Gallegos|ante.blandit@ligula.com|1-665-851-0066
Fletcher Campbell|lacus@Proindolor.co.uk|1-162-188-8370
Marshall Rocha|purus.Nullam.scelerisque@Aliquamornare.org|1-732-614-1544
Harriet M. Vargas|consequat.purus.Maecenas@duiaugueeu.org|1-791-599-6707
Keane O. Bryan|nulla@consequatnecmollis.ca|1-198-966-8316
Rogan Yates|Sed.eu.eros@malesuadaaugue.ca|1-445-588-7375
Blaze S. Simpson|volutpat@justofaucibuslectus.ca|1-410-761-6069
Macon Waller|a@nibhDonecest.co.uk|1-854-442-3065
Lance Dudley|congue.a.aliquet@Curabituregestasnunc.edu|1-108-136-5845
Forrest V. Nash|magna.Ut.tincidunt@liberoest.com|1-369-477-5026
Roanna Cameron|a.sollicitudin@etrisus.ca|1-167-332-6850
Deacon M. French|Quisque.ornare.tortor@idsapien.org|1-566-893-2712
Flynn Meyer|sed.leo@inmagna.com|1-650-834-2625
Emma Larson|sed@non.com|1-491-451-4389
Wyoming N. Bass|nulla.ante.iaculis@disparturientmontes.ca|1-641-309-3003
Boris Brock|enim.Suspendisse.aliquet@dis.org|1-814-596-5109
Tiger Tanner|gravida.sit.amet@egetvariusultrices.edu|1-814-621-9355
Brian K. Velasquez|Mauris.nulla.Integer@augue.com|1-529-912-8900
Nerea Herrera|enim.diam@auctor.co.uk|1-978-541-3966
Teagan Montgomery|et.euismod@egetmagna.org|1-704-981-9138
Victor Y. Delaney|mus.Aenean@mipede.net|1-748-844-5670
Bevis E. Dean|mollis.dui@velit.edu|1-554-897-0969
Paki S. Barrett|purus.Maecenas@bibendumDonec.com|1-919-864-1753
Quin Giles|eget@enimmitempor.org|1-956-471-9100
Adria Vance|est.mauris.rhoncus@eget.ca|1-573-318-7339
Francesca Knight|ultrices.a@purussapiengravida.net|1-184-399-5752
Guinevere Stafford|posuere.cubilia.Curae@nullaDonecnon.org|1-552-481-3626
Armand F. Hess|pharetra.felis.eget@ametornarelectus.co.uk|1-981-542-6715
Oprah Terrell|velit.Pellentesque@Proineget.org|1-697-607-7313
Ann R. Phillips|nascetur.ridiculus.mus@orci.net|1-269-210-1589
Ralph W. Carpenter|ultricies.ligula.Nullam@Cumsociis.ca|1-867-585-8007
Hamish Walters|lacinia@idante.org|1-219-843-0865
Shafira Walls|Quisque.libero@ultricesa.co.uk|1-377-633-4114
Alvin W. Fischer|risus.Morbi.metus@Nullamlobortisquam.ca|1-767-266-3810
Hedy L. Myers|eleifend.Cras.sed@facilisisegetipsum.co.uk|1-913-446-4398
Martha R. Guerra|Vivamus.nisi.Mauris@at.ca|1-839-325-6298
Kay Berger|vestibulum@vestibulum.edu|1-900-686-0359
Hammett Wyatt|eu.odio@facilisisegetipsum.ca|1-367-560-0005
Kenyon X. Eaton|arcu.Vestibulum@variusNam.co.uk|1-534-421-8705
Vernon B. Hill|nulla.In.tincidunt@elitAliquamauctor.ca|1-317-474-7066
Kay M. Camacho|dapibus@pede.com|1-495-503-3813
Cassandra E. Berger|nibh@id.co.uk|1-941-431-1536
Hilel Torres|Mauris.eu.turpis@commodo.net|1-747-490-4461
Daniel Maxwell|Mauris@Maurisblanditenim.org|1-219-658-7008
Imani B. Stephenson|massa.non.ante@vulputatelacus.co.uk|1-348-559-5942
Lenore Higgins|vel.faucibus.id@musProin.org|1-574-298-0503
Kiayada D. Blanchard|non.arcu.Vivamus@aliquetodioEtiam.com|1-434-718-4235
Zenaida C. Webb|dignissim.Maecenas@acmetus.co.uk|1-911-150-4188
Penelope Bell|inceptos@accumsan.edu|1-293-710-8288
Garrison Bradley|amet.diam.eu@metus.net|1-159-458-8895
Gray K. Raymond|eget.venenatis.a@musAeneaneget.edu|1-854-633-4620
Mikayla O. Ruiz|Fusce.dolor.quam@egestasAliquam.edu|1-809-245-1331
Erasmus Allen|Duis@Suspendissenonleo.edu|1-961-299-1023
Lani Chase|Curae.Phasellus.ornare@quis.com|1-332-975-9149
Ali R. Mullins|porttitor@hendrerit.com|1-779-517-8887
Tamekah Trujillo|amet.diam@Aenean.com|1-214-449-8156